Item,Area,Year,AreaHarvested,Production,Yield,Price,ExportQuantity,ExportValue,ImportQuantity,ImportValue,RuralPopulation,UrbanPopulation,TotalPopulation,GrossNationalIncome
Soyabeans,BruneiDarussalam,1961,,,,,,,40.00,6.00,46.88,38.71,89.56,
Soyabeans,BruneiDarussalam,1962,,,,,,,40.00,8.00,47.38,42.14,93.84,
Soyabeans,BruneiDarussalam,1963,,,,,,,40.00,9.00,47.80,45.78,98.28,
Soyabeans,BruneiDarussalam,1964,,,,,,,40.00,11.00,48.17,49.68,102.90,
Soyabeans,BruneiDarussalam,1965,,,,,,,40.00,11.00,48.52,53.90,107.69,
Soyabeans,BruneiDarussalam,1966,,,,,,,49.00,10.00,48.86,58.45,112.60,
Soyabeans,BruneiDarussalam,1967,,,,,,,70.00,13.00,49.16,63.34,117.63,
Soyabeans,BruneiDarussalam,1968,,,,,,,69.00,15.00,49.40,68.55,122.76,
Soyabeans,BruneiDarussalam,1969,,,,,,,54.00,11.00,49.58,74.08,128.01,
Soyabeans,BruneiDarussalam,1970,,,,,,,73.00,15.00,49.66,79.92,133.34,1686.78
Soyabeans,BruneiDarussalam,1971,,,,,,,134.00,27.00,49.66,86.07,138.67,1789.11
Soyabeans,BruneiDarussalam,1972,,,,,,,127.00,27.00,51.52,90.55,143.89,2364.01
Soyabeans,BruneiDarussalam,1973,,,,,,,128.00,43.00,53.65,94.91,149.07,3649.15
Soyabeans,BruneiDarussalam,1974,,,,,,,114.00,48.00,55.78,99.33,154.31,8738.11
Soyabeans,BruneiDarussalam,1975,,,,,,,116.00,52.00,57.89,103.78,159.65,9190.99
Soyabeans,BruneiDarussalam,1976,,,,,,,163.00,71.00,59.98,108.24,165.06,10827.98
Soyabeans,BruneiDarussalam,1977,,,,,,,178.00,76.00,62.05,112.72,170.56,12759.54
Soyabeans,BruneiDarussalam,1978,,,,,,,560.00,191.00,64.08,117.18,176.18,13842.09
Soyabeans,BruneiDarussalam,1979,,,,,,,535.00,210.00,66.06,121.60,181.95,19354.47
Soyabeans,BruneiDarussalam,1980,,,,,,,358.00,151.00,67.98,125.97,187.92,32941.99
Soyabeans,BruneiDarussalam,1981,,,,,,,259.00,125.00,69.83,130.25,194.10,28253.15
Soyabeans,BruneiDarussalam,1982,,,,,,,197.00,88.00,71.63,134.50,200.63,26694.72
Soyabeans,BruneiDarussalam,1983,,,,,,,296.00,117.00,73.40,138.73,207.52,23268.69
Soyabeans,BruneiDarussalam,1984,,,,,,,659.00,279.00,75.18,143.04,214.68,22129.56
Soyabeans,BruneiDarussalam,1985,,,,,,,2164.00,568.00,77.01,147.50,222.12,19923.98
Soyabeans,BruneiDarussalam,1986,,,,,,,436.00,542.00,78.89,152.09,229.82,11741.87
Soyabeans,BruneiDarussalam,1987,,,,,,,200.00,80.00,80.81,156.82,237.71,13039.86
Soyabeans,BruneiDarussalam,1988,,,,,,,3000.00,1068.00,82.77,161.69,245.73,12002.71
Soyabeans,BruneiDarussalam,1989,,,,,,,300.00,140.00,84.78,166.73,253.82,13033.75
Soyabeans,BruneiDarussalam,1990,,,,,,,300.00,150.00,86.85,171.93,261.93,14892.27
Soyabeans,BruneiDarussalam,1991,,,,,,,250.00,115.00,88.98,177.30,269.86,15197.15
Soyabeans,BruneiDarussalam,1992,,,,,,,260.00,110.00,90.20,183.77,277.42,16714.02
Soyabeans,BruneiDarussalam,1993,,,,,,,270.00,140.00,91.28,190.48,284.71,15979.01
Soyabeans,BruneiDarussalam,1994,,,,,,,260.00,164.00,92.28,197.24,291.94,15513.86
Soyabeans,BruneiDarussalam,1995,,,,,,,200.00,100.00,93.19,204.01,299.10,17537.53
Soyabeans,BruneiDarussalam,1996,,,,,,,240.00,140.00,93.98,210.72,306.20,18511.62
Soyabeans,BruneiDarussalam,1997,,,,,,,161.00,98.00,94.65,217.39,313.22,18383.94
Soyabeans,BruneiDarussalam,1998,,,,,135.00,28.00,667.00,276.00,95.22,224.00,320.15,14016.90
Soyabeans,BruneiDarussalam,1999,,,,,,,430.00,160.00,95.70,230.59,327.05,15583.48
Soyabeans,BruneiDarussalam,2000,,,,,,,270.00,140.00,96.10,237.15,333.93,19913.72
Soyabeans,BruneiDarussalam,2001,,,,,,,470.00,230.00,96.42,243.70,340.75,18213.46
Soyabeans,BruneiDarussalam,2002,,,,,16.00,1.00,690.00,190.00,96.97,249.90,347.46,18634.31
Soyabeans,BruneiDarussalam,2003,,,,,,,148.00,81.00,97.46,255.93,354.05,20522.59
Soyabeans,BruneiDarussalam,2004,,,,,,,255.00,160.00,97.81,261.71,360.46,24198.92
Soyabeans,BruneiDarussalam,2005,,,,,,,307.00,148.00,98.00,267.16,366.72,28799.57
Soyabeans,BruneiDarussalam,2006,,,,,,,249.00,137.00,98.01,272.24,372.81,34092.23
Soyabeans,BruneiDarussalam,2007,,,,,,,237.00,118.00,97.87,276.99,378.75,35830.30
Soyabeans,BruneiDarussalam,2008,,,,,,,133.00,127.00,97.65,281.60,384.57,41471.73
Soyabeans,BruneiDarussalam,2009,,,,,,,1743.00,852.00,97.45,286.32,390.31,30468.80
Soyabeans,BruneiDarussalam,2010,,,,,,,366.00,272.00,97.32,291.34,396.05,34356.16
Soyabeans,BruneiDarussalam,2011,,,,,,,249.00,208.00,97.28,296.73,401.51,44898.02
Soyabeans,BruneiDarussalam,2012,,,,,,,631.00,635.00,97.31,302.43,406.63,45720.04
Soyabeans,BruneiDarussalam,2013,,,,,,,727.00,803.00,97.39,308.33,411.70,43463.14
Soyabeans,BruneiDarussalam,2014,,,,,57.00,50.00,795.46,778.00,97.44,314.26,416.66,40999.22
Soyabeans,BruneiDarussalam,2015,,,,,12.04,11.00,727.94,589.00,97.44,320.10,421.44,32225.17
Soyabeans,BruneiDarussalam,2016,,,,,6.24,10.00,601.37,464.00,97.38,325.82,425.99,28721.86
Soyabeans,BruneiDarussalam,2017,,,,,,,601.72,538.00,97.26,331.43,430.28,29861.27
Soyabeans,BruneiDarussalam,2018,,,,,1.30,11.00,620.84,505.00,97.11,336.97,434.27,31433.56
Soyabeans,BruneiDarussalam,2019,,,,,121.50,60.00,901.55,612.00,96.91,342.43,438.05,31572.63
Soyabeans,BruneiDarussalam,2020,,,,,,,913.80,649.00,96.68,347.84,441.73,27998.34
Soyabeans,BruneiDarussalam,2021,,,,,165.00,65.00,10312.32,5989.00,96.42,353.19,445.37,31650.24
Soyabeans,BruneiDarussalam,2022,,,,,2.00,2.00,14500.45,9510.00,,,,
Soyabeans,BruneiDarussalam,2023,,,,,,,,,,,,
Soyabeans,Cambodia,1961,14000.00,9175.00,6554.00,,7060.00,338.00,,,5268.49,604.52,5664.65,
Soyabeans,Cambodia,1962,15000.00,9626.00,6417.00,,3520.00,228.00,,,5405.61,622.95,5788.85,
Soyabeans,Cambodia,1963,14000.00,11300.00,8071.00,,6650.00,487.00,,,5534.67,649.08,5913.68,
Soyabeans,Cambodia,1964,12000.00,8000.00,6667.00,,4070.00,362.00,,,5656.49,675.09,6040.85,
Soyabeans,Cambodia,1965,7600.00,5100.00,6711.00,,8510.00,954.00,,,5766.81,700.39,6170.73,
Soyabeans,Cambodia,1966,8100.00,7300.00,9012.00,,670.00,87.00,,,5860.44,724.32,6299.23,
Soyabeans,Cambodia,1967,9300.00,8000.00,8602.00,,,,,,5876.52,808.80,6426.45,
Soyabeans,Cambodia,1968,4900.00,4000.00,8163.00,,5895.00,735.00,,,5877.75,900.97,6553.11,
Soyabeans,Cambodia,1969,13000.00,9400.00,7231.00,,4420.00,712.00,,,5876.29,1002.90,6679.71,
Soyabeans,Cambodia,1970,5000.00,4000.00,8000.00,,1328.00,166.00,,,5877.77,1117.08,6708.53,107.59
Soyabeans,Cambodia,1971,3000.00,2000.00,6667.00,,718.00,108.00,,,5801.79,1335.96,6696.32,107.60
Soyabeans,Cambodia,1972,5000.00,4000.00,8000.00,,3319.00,510.00,,,5707.41,1592.74,6766.29,105.05
Soyabeans,Cambodia,1973,4000.00,4000.00,10000.00,,447.00,24.00,,,5565.88,1881.41,6852.36,88.68
Soyabeans,Cambodia,1974,4000.00,4000.00,10000.00,,,,,,5343.13,2188.29,6913.41,90.80
Soyabeans,Cambodia,1975,4000.00,4000.00,10000.00,,,,,,7185.78,336.81,6727.92,100.57
Soyabeans,Cambodia,1976,4000.00,4000.00,10000.00,,,,,,7046.09,356.79,6307.12,113.18
Soyabeans,Cambodia,1977,4000.00,4000.00,10000.00,,,,,,6821.22,373.06,6040.20,107.10
Soyabeans,Cambodia,1978,2000.00,2000.00,10000.00,,,,,,6567.57,388.00,5961.19,116.16
Soyabeans,Cambodia,1979,1500.00,1500.00,10000.00,,,,,,6362.68,406.04,6051.81,108.01
Soyabeans,Cambodia,1980,5000.00,3000.00,6000.00,,,,,,6029.73,662.38,6198.96,108.46
Soyabeans,Cambodia,1981,3000.00,2000.00,6667.00,,,,,,5888.34,859.85,6364.47,115.68
Soyabeans,Cambodia,1982,3000.00,1000.00,3333.00,,,,,,6016.62,901.49,6619.70,118.09
Soyabeans,Cambodia,1983,5000.00,2000.00,4000.00,,,,,,6213.05,955.18,6881.96,123.27
Soyabeans,Cambodia,1984,5000.00,3000.00,6000.00,,,,,,6431.45,1014.57,7133.90,129.30
Soyabeans,Cambodia,1985,10000.00,13000.00,13000.00,,,,,,6638.49,1074.49,7376.09,135.01
Soyabeans,Cambodia,1986,7000.00,5300.00,7571.00,,5175.00,1595.00,,,6825.44,1133.54,7661.32,137.63
Soyabeans,Cambodia,1987,11000.00,11900.00,10818.00,,7353.00,2387.00,,,7002.74,1193.30,7975.60,164.75
Soyabeans,Cambodia,1988,12000.00,12000.00,10000.00,,10611.00,3615.00,,,7178.60,1255.20,8269.78,190.94
Soyabeans,Cambodia,1989,13000.00,20000.00,15385.00,,16291.00,6046.00,,,7367.41,1321.74,8570.93,190.99
Soyabeans,Cambodia,1990,15000.00,22000.00,14667.00,,14077.00,5670.00,,,7578.33,1395.02,8910.81,179.53
Soyabeans,Cambodia,1991,14000.00,35000.00,25000.00,,49000.00,9900.00,,,7811.55,1475.43,9259.36,227.48
Soyabeans,Cambodia,1992,16000.00,40000.00,25000.00,347.40,10000.00,2100.00,,,8059.51,1562.00,9718.22,231.62
Soyabeans,Cambodia,1993,16300.00,39000.00,23926.00,342.10,2000.00,400.00,,,8314.85,1653.43,10243.55,225.65
Soyabeans,Cambodia,1994,22000.00,23000.00,10455.00,373.20,3000.00,600.00,,,8567.33,1748.04,10636.35,231.62
Soyabeans,Cambodia,1995,16500.00,17240.00,10448.00,367.20,1000.00,190.00,19.00,6.00,8809.30,1844.26,10919.53,288.16
Soyabeans,Cambodia,1996,16738.00,28299.00,16907.00,381.10,1000.00,270.00,,,9038.61,1941.66,11182.61,305.96
Soyabeans,Cambodia,1997,32739.00,56342.00,17209.00,356.40,5500.00,1400.00,40.00,10.00,9255.81,2040.07,11431.57,297.75
Soyabeans,Cambodia,1998,30975.00,27709.00,8946.00,288.40,1000.00,370.00,234.00,40.00,9468.96,2128.78,11669.08,235.78
Soyabeans,Cambodia,1999,34945.00,35063.00,10034.00,206.20,5000.00,950.00,1.00,1.00,9688.68,2194.96,11899.01,256.52
Soyabeans,Cambodia,2000,33256.00,28111.00,8453.00,308.50,112.00,19.00,947.00,59.00,9893.67,2258.69,12118.84,259.08
Soyabeans,Cambodia,2001,28687.00,24658.00,8596.00,247.20,1.00,,421.00,26.00,10082.88,2319.59,12338.19,277.48
Soyabeans,Cambodia,2002,28935.00,38801.00,13410.00,434.60,24.00,3.00,687.00,79.00,10256.92,2377.81,12561.78,288.90
Soyabeans,Cambodia,2003,52031.00,63188.00,12144.00,324.20,,,73.00,4.00,10419.11,2434.02,12787.71,309.74
Soyabeans,Cambodia,2004,84231.00,110305.00,13096.00,352.80,14580.00,3442.00,5.00,2.00,10574.10,2489.28,13016.37,347.36
Soyabeans,Cambodia,2005,115916.00,179096.00,15450.00,307.90,27692.00,6486.00,10.00,6.00,10725.79,2544.41,13246.58,406.71
Soyabeans,Cambodia,2006,64382.00,98289.00,15267.00,304.60,18223.00,4405.00,41.00,19.00,10874.84,2599.65,13477.78,464.82
Soyabeans,Cambodia,2007,76000.00,117000.00,15395.00,468.40,22072.00,6104.00,1635.00,799.00,11021.65,2655.04,13714.79,606.19
Soyabeans,Cambodia,2008,74413.00,108449.00,14574.00,750.60,13432.00,6509.00,336.00,231.00,11163.90,2716.61,13943.89,711.87
Soyabeans,Cambodia,2009,96388.00,137275.00,14242.00,572.80,51531.00,19036.00,81.00,78.00,11282.04,2808.17,14155.74,702.98
Soyabeans,Cambodia,2010,103198.00,156589.00,15174.00,595.00,7120.00,1371.00,35.00,36.00,11404.93,2903.81,14363.53,746.86
Soyabeans,Cambodia,2011,70584.00,114603.00,16236.00,716.00,7334.00,1737.00,75.00,96.00,11533.95,3003.94,14573.89,839.14
Soyabeans,Cambodia,2012,70972.00,120165.00,16931.00,710.60,1509.00,336.00,51.00,176.00,11668.22,3108.64,14786.64,900.11
Soyabeans,Cambodia,2013,78400.00,131100.00,16722.00,,4362.00,782.00,1.00,1.00,11805.51,3217.18,14999.68,985.85
Soyabeans,Cambodia,2014,72200.00,104200.00,14432.00,,140.00,112.00,12.03,10.00,11941.88,3328.91,15210.82,1045.10
Soyabeans,Cambodia,2015,66600.00,96900.00,14550.00,,,,60.69,27.00,12074.60,3443.04,15417.52,1099.06
Soyabeans,Cambodia,2016,41600.00,69400.00,16683.00,,0.89,1.00,22.61,36.00,12202.91,3559.46,15624.58,1202.48
Soyabeans,Cambodia,2017,41900.00,73300.00,17494.00,,76.15,57.00,115.93,189.00,12327.34,3678.04,15830.69,1313.92
Soyabeans,Cambodia,2018,45800.00,91800.00,20044.00,,,,4.24,7.00,12446.21,3799.52,16025.24,1429.94
Soyabeans,Cambodia,2019,25700.00,42100.00,16381.00,,3.00,2.00,264.26,230.00,12558.95,3923.70,16207.75,1575.40
Soyabeans,Cambodia,2020,31519.00,47497.45,15069.00,,7.10,16.00,1227.84,668.00,12665.05,4050.46,16396.86,1482.21
Soyabeans,Cambodia,2021,39742.00,63024.23,15859.00,,7.85,15.00,6310.98,3827.00,12764.03,4179.68,16589.02,1522.52
Soyabeans,Cambodia,2022,36194.00,56435.65,15592.00,,3.00,8.00,6864.40,4696.00,,,,
Soyabeans,Cambodia,2023,,,,,,,,,,,,
Soyabeans,Indonesia,1961,625000.00,426300.00,6821.00,,410.00,34.00,,,76779.14,13359.09,90816.94,
Soyabeans,Indonesia,1962,594000.00,396800.00,6680.00,,2690.00,273.00,,,78620.25,13937.75,93345.49,
Soyabeans,Indonesia,1963,539000.00,350200.00,6497.00,,311.00,26.00,,,80513.18,14542.49,95962.53,
Soyabeans,Indonesia,1964,571000.00,391700.00,6860.00,,,,,,82462.23,15175.80,98675.06,
Soyabeans,Indonesia,1965,584000.00,409500.00,7012.00,,290.00,10.00,,,84470.72,15838.17,,
Soyabeans,Indonesia,1966,605000.00,416900.00,6891.00,,27446.00,996.00,,,86535.98,16531.38,,
Soyabeans,Indonesia,1967,589000.00,415900.00,7061.00,,6860.00,193.00,2.00,,88652.36,17255.04,,
Soyabeans,Indonesia,1968,677000.00,419932.00,6203.00,,8316.00,247.00,,,90812.33,18009.24,,
Soyabeans,Indonesia,1969,553000.00,388907.00,7033.00,,749.00,13.00,,,93008.07,18792.02,,88.43
Soyabeans,Indonesia,1970,695000.00,497883.00,7164.00,,3953.00,57.00,,,95230.82,19603.96,,90.07
Soyabeans,Indonesia,1971,680000.00,515644.00,7583.00,,732.00,13.00,277.00,6.00,97477.20,20444.80,,101.59
Soyabeans,Indonesia,1972,698000.00,518229.00,7424.00,,3055.00,44.00,183.00,8.00,99536.94,21522.57,,145.74
Soyabeans,Indonesia,1973,744000.00,541040.00,7272.00,,36000.00,850.00,101.00,12.00,,22711.43,,222.84
Soyabeans,Indonesia,1974,753499.00,589239.00,7820.00,,4148.00,176.00,150.00,13.00,,23954.57,,257.24
Soyabeans,Indonesia,1975,752000.00,589831.00,7843.00,,30.00,4.00,17802.00,934.00,,25252.10,,311.08
Soyabeans,Indonesia,1976,646336.00,521777.00,8073.00,,554.00,7.00,171746.00,20329.00,,26605.07,,371.36
Soyabeans,Indonesia,1977,646121.00,522821.00,8092.00,,10.00,3.00,89100.00,22170.00,,28011.50,,405.65
Soyabeans,Indonesia,1978,733000.00,616599.00,8412.00,,,,130498.00,37143.00,,29477.47,,392.63
Soyabeans,Indonesia,1979,784489.00,679825.00,8666.00,,2.00,1.00,176620.00,55789.00,,31006.17,,541.84
Soyabeans,Indonesia,1980,732000.00,652762.00,8918.00,,,,100878.00,33128.00,,32601.81,,679.67
Soyabeans,Indonesia,1981,810000.00,703811.00,8689.00,,60.00,28.00,361000.00,119000.00,,34446.44,,682.90
Soyabeans,Indonesia,1982,607788.00,521394.00,8579.00,,10.00,13.00,361000.00,97000.00,,36472.43,,596.74
Soyabeans,Indonesia,1983,639876.00,536103.00,8378.00,,16.00,10.00,221515.00,62098.00,,38586.37,,596.41
Soyabeans,Indonesia,1984,859000.00,769384.00,8957.00,,,,401024.00,129581.00,,40782.65,,585.75
Soyabeans,Indonesia,1985,896220.00,869718.00,9704.00,,,,301956.00,79664.00,,43049.41,,526.21
Soyabeans,Indonesia,1986,1253767.00,1226727.00,9784.00,,,,359271.00,83453.00,,45389.07,,485.76
Soyabeans,Indonesia,1987,1100565.00,1160963.00,10549.00,,,,286705.00,63146.00,,47800.46,,558.61
Soyabeans,Indonesia,1988,1177400.00,1270418.00,10790.00,,38.00,13.00,465839.00,138045.00,,50287.60,,627.55
Soyabeans,Indonesia,1989,1198096.00,1315113.00,10977.00,,151.00,118.00,390471.00,128222.00,,52847.99,,694.83
Soyabeans,Indonesia,1990,1334100.00,1487433.00,11149.00,,240.00,235.00,541060.00,146475.00,,55491.34,,766.40
Soyabeans,Indonesia,1991,1368199.00,1555453.00,11369.00,473.70,265.00,220.00,672757.00,183973.00,,58363.49,,817.11
Soyabeans,Indonesia,1992,1665000.00,1869713.00,11230.00,440.30,3911.00,1339.00,694133.00,186259.00,,61405.17,,918.74
Soyabeans,Indonesia,1993,1470210.00,1708530.00,11621.00,474.70,746.00,264.00,723864.00,197120.00,,64533.48,,1023.55
Soyabeans,Indonesia,1994,1406920.00,1564847.00,11123.00,513.40,31.00,12.00,800461.00,243734.00,,67751.85,,1147.56
Soyabeans,Indonesia,1995,1477432.00,1680010.00,11371.00,503.30,83.00,29.00,607393.00,180590.00,,71053.58,,1273.54
Soyabeans,Indonesia,1996,1273290.00,1517180.00,11915.00,525.90,240.00,116.00,746329.00,251656.00,,74438.56,,1186.24
Soyabeans,Indonesia,1997,1119079.00,1356891.00,12125.00,470.10,6.00,1.00,616375.00,206674.00,,77898.29,,502.19
Soyabeans,Indonesia,1998,1095070.00,1305640.00,11923.00,245.10,,,343124.00,98693.00,,81448.67,,710.44
Soyabeans,Indonesia,1999,1151079.00,1382848.00,12013.00,332.00,16.00,18.00,1301755.00,301688.00,,85096.65,,753.92
Soyabeans,Indonesia,2000,825000.00,1017634.00,12335.00,269.30,520.85,117.00,1277685.00,275481.00,,88851.49,,745.38
Soyabeans,Indonesia,2001,678848.00,826932.00,12181.00,259.50,1188.00,345.00,1136419.00,239322.00,,91771.69,,903.24
Soyabeans,Indonesia,2002,544522.00,673056.00,12360.00,334.00,235.00,152.00,1365253.00,299219.00,,94763.87,,1060.00
Soyabeans,Indonesia,2003,526796.00,671600.00,12749.00,382.20,433.00,300.00,1192717.00,330497.00,,97826.13,,1136.09
Soyabeans,Indonesia,2004,565155.00,723483.00,12801.00,391.50,1300.00,501.00,1117790.00,418000.00,,,,1245.03
Soyabeans,Indonesia,2005,621541.00,808353.00,13006.00,401.20,876.00,485.00,1086178.00,308009.00,,,,1577.28
Soyabeans,Indonesia,2006,580534.00,747611.00,12878.00,407.30,4633.00,2891.00,1132144.00,299578.00,,,,1848.42
Soyabeans,Indonesia,2007,459116.00,592634.00,12908.00,470.40,1872.00,2252.00,2240795.00,479428.00,,,,2166.37
Soyabeans,Indonesia,2008,591899.00,776491.00,13119.00,640.50,1025.00,1405.00,1173097.00,697985.00,,,,2263.31
Soyabeans,Indonesia,2009,722791.00,974512.00,13483.00,634.10,446.00,342.00,1314620.00,621281.00,,,,2958.85
Soyabeans,Indonesia,2010,660823.00,907031.00,13726.00,738.40,385.00,343.00,1740505.00,840037.00,,,,3428.24
Soyabeans,Indonesia,2011,622254.00,851286.00,13681.00,827.00,547.00,438.00,2088616.00,1245963.00,,,,3485.61
Soyabeans,Indonesia,2012,567624.00,843153.00,14854.00,800.50,2323.00,1593.00,1921207.00,1211230.00,,,,3424.71
Soyabeans,Indonesia,2013,550793.00,779992.00,14161.00,738.40,1030.00,459.00,1785385.00,1101563.00,,,,3291.06
Soyabeans,Indonesia,2014,615685.00,954997.00,15511.00,701.70,41303.54,24415.00,1965811.22,1176923.00,,,,3212.37
Soyabeans,Indonesia,2015,613885.00,963183.00,15690.00,621.90,241.91,178.00,2256931.68,1034367.00,,,,3444.89
Soyabeans,Indonesia,2016,576987.00,859653.00,14899.00,622.50,1364.86,282.00,2261803.25,959041.00,,,,3718.10
Soyabeans,Indonesia,2017,355799.00,538729.00,15141.00,579.90,1327.81,254.00,2538073.72,1284606.00,,,,3786.37
Soyabeans,Indonesia,2018,723804.00,953571.03,13174.00,579.30,2055.15,467.00,2585808.92,1103103.00,,,,4025.03
Soyabeans,Indonesia,2019,301287.00,424000.00,14073.00,572.20,5412.92,1121.00,2704531.87,1064565.00,,,,3790.25
Soyabeans,Indonesia,2020,196417.00,291000.00,14815.00,615.40,2762.92,545.00,2475287.84,1003422.00,,,,4217.18
Soyabeans,Indonesia,2021,145339.00,215000.00,14793.00,651.00,2178.19,677.00,2489690.41,1482849.00,,,,
Soyabeans,Indonesia,2022,202126.00,301000.00,14892.00,666.60,11373.25,7814.00,2324730.71,1627091.00,,,,
Soyabeans,Indonesia,2023,,,,,,,,,1996.28,174.07,2171.14,
Soyabeans,LaoPeople'sDemocraticRepublic,1961,3069.00,3100.00,10101.00,,80.00,12.00,,,2041.32,179.80,2221.62,
Soyabeans,LaoPeople'sDemocraticRepublic,1962,3120.00,3000.00,9615.00,,60.00,7.00,,,2087.61,185.74,2273.22,
Soyabeans,LaoPeople'sDemocraticRepublic,1963,3250.00,3150.00,9692.00,,100.00,14.00,,,2135.24,191.90,2325.51,
Soyabeans,LaoPeople'sDemocraticRepublic,1964,3300.00,3200.00,9697.00,,17.00,1.00,,,2184.30,198.30,2379.46,
Soyabeans,LaoPeople'sDemocraticRepublic,1965,3300.00,3200.00,9697.00,,42.00,3.00,,,2234.30,204.89,2434.86,
Soyabeans,LaoPeople'sDemocraticRepublic,1966,3400.00,3300.00,9706.00,,21.00,1.00,,,2279.88,217.04,2491.93,
Soyabeans,LaoPeople'sDemocraticRepublic,1967,3450.00,3400.00,9855.00,,,,,,2326.89,229.96,2551.07,
Soyabeans,LaoPeople'sDemocraticRepublic,1968,3600.00,3500.00,9722.00,,,,,,2376.62,243.81,2612.11,
Soyabeans,LaoPeople'sDemocraticRepublic,1969,3600.00,3500.00,9722.00,,,,,,2429.68,258.75,2675.28,44.52
Soyabeans,LaoPeople'sDemocraticRepublic,1970,3700.00,3700.00,10000.00,,,,,,2487.29,274.98,2740.73,47.94
Soyabeans,LaoPeople'sDemocraticRepublic,1971,3700.00,3650.00,9865.00,,5.00,,,,2548.37,292.47,2808.29,50.49
Soyabeans,LaoPeople'sDemocraticRepublic,1972,3800.00,3750.00,9868.00,,,,,,2609.93,309.36,2877.56,56.52
Soyabeans,LaoPeople'sDemocraticRepublic,1973,3800.00,3750.00,9868.00,,,,,,2666.84,324.12,2946.88,62.34
Soyabeans,LaoPeople'sDemocraticRepublic,1974,3900.00,3800.00,9744.00,,,,,,2713.43,338.15,3012.72,71.07
Soyabeans,LaoPeople'sDemocraticRepublic,1975,3500.00,3400.00,9714.00,,,,,,2747.84,351.13,3072.02,75.71
Soyabeans,LaoPeople'sDemocraticRepublic,1976,2976.00,1718.00,5773.00,,,,,,2772.58,363.26,3125.74,77.46
Soyabeans,LaoPeople'sDemocraticRepublic,1977,3136.00,4461.00,14225.00,,,,,,2793.55,375.29,3177.95,82.36
Soyabeans,LaoPeople'sDemocraticRepublic,1978,4750.00,3330.00,7011.00,,,,,,2819.01,388.32,3233.70,85.90
Soyabeans,LaoPeople'sDemocraticRepublic,1979,4425.00,3170.00,7164.00,,,,,,2854.90,403.25,3297.52,101.03
Soyabeans,LaoPeople'sDemocraticRepublic,1980,4780.00,3298.00,6900.00,,,,,,2902.96,420.42,3370.99,124.77
Soyabeans,LaoPeople'sDemocraticRepublic,1981,5571.00,3900.00,7001.00,,,,,,2961.47,439.77,3453.69,138.47
Soyabeans,LaoPeople'sDemocraticRepublic,1982,5606.00,4220.00,7528.00,,,,,,3028.80,461.17,3543.86,146.80
Soyabeans,LaoPeople'sDemocraticRepublic,1983,4770.00,3537.00,7415.00,,,,,,3102.06,484.32,3639.96,158.69
Soyabeans,LaoPeople'sDemocraticRepublic,1984,5180.00,3626.00,7000.00,,,,,,3178.83,509.07,3741.60,167.34
Soyabeans,LaoPeople'sDemocraticRepublic,1985,3200.00,2058.00,6431.00,,,,,,3258.39,535.66,3848.39,174.08
Soyabeans,LaoPeople'sDemocraticRepublic,1986,3453.00,2601.00,7533.00,,,,,,3341.30,563.86,3959.70,170.90
Soyabeans,LaoPeople'sDemocraticRepublic,1987,4915.00,3748.00,7626.00,,,,,,3426.66,593.63,4074.96,168.47
Soyabeans,LaoPeople'sDemocraticRepublic,1988,5891.00,4447.00,7549.00,,,,,,3513.59,624.82,4193.53,194.26
Soyabeans,LaoPeople'sDemocraticRepublic,1989,6028.00,4950.00,8212.00,,,,,,3601.10,657.37,4314.44,209.02
Soyabeans,LaoPeople'sDemocraticRepublic,1990,5110.00,4210.00,8239.00,,,,,,3688.82,691.25,4437.23,241.43
Soyabeans,LaoPeople'sDemocraticRepublic,1991,6095.00,5500.00,9024.00,,540.00,140.00,,,3775.98,726.39,4561.11,269.41
Soyabeans,LaoPeople'sDemocraticRepublic,1992,6117.00,5147.00,8414.00,,600.00,155.00,,,3860.88,762.40,4685.30,296.03
Soyabeans,LaoPeople'sDemocraticRepublic,1993,5503.00,4521.00,8216.00,,650.00,170.00,,,3941.42,798.96,4807.95,334.17
Soyabeans,LaoPeople'sDemocraticRepublic,1994,6265.00,5990.00,9561.00,,702.00,185.00,,,4008.73,843.19,4927.43,374.66
Soyabeans,LaoPeople'sDemocraticRepublic,1995,5806.00,4837.00,8331.00,,758.00,200.00,,,4053.28,903.90,5043.91,385.67
Soyabeans,LaoPeople'sDemocraticRepublic,1996,3575.00,3245.00,9077.00,875.60,546.00,140.00,,,4089.73,966.79,5150.54,344.76
Soyabeans,LaoPeople'sDemocraticRepublic,1997,3115.00,2295.00,7368.00,850.80,100.00,30.00,,,4118.60,1032.16,5246.92,247.87
Soyabeans,LaoPeople'sDemocraticRepublic,1998,5872.00,4300.00,7323.00,814.70,460.00,105.00,,,4141.08,1100.20,5340.06,279.34
Soyabeans,LaoPeople'sDemocraticRepublic,1999,6800.00,5850.00,8603.00,473.10,450.00,95.00,,,4158.07,1171.24,5430.85,318.95
Soyabeans,LaoPeople'sDemocraticRepublic,2000,6400.00,5403.00,8442.00,289.10,400.00,90.00,,,4169.57,1245.00,5519.71,318.15
Soyabeans,LaoPeople'sDemocraticRepublic,2001,3280.00,3002.00,9152.00,354.70,,,,,4175.53,1321.75,5606.10,327.70
Soyabeans,LaoPeople'sDemocraticRepublic,2002,3565.00,2992.00,8393.00,324.20,48.00,6.00,,,4177.70,1401.96,5689.07,362.43
Soyabeans,LaoPeople'sDemocraticRepublic,2003,9053.00,7799.00,8615.00,,16.00,3.00,,,4178.09,1486.52,5768.17,428.42
Soyabeans,LaoPeople'sDemocraticRepublic,2004,5620.00,4720.00,8399.00,,21.00,4.00,,,4189.73,1564.30,5852.97,491.30
Soyabeans,LaoPeople'sDemocraticRepublic,2005,9535.00,11100.00,11641.00,,58.00,11.00,,,4226.29,1623.07,5946.59,572.94
Soyabeans,LaoPeople'sDemocraticRepublic,2006,8920.00,11950.00,13397.00,,193.00,40.00,,,4265.02,1684.77,6041.35,730.02
Soyabeans,LaoPeople'sDemocraticRepublic,2007,8040.00,10455.00,13004.00,,195.00,45.00,,,4303.53,1748.66,6135.86,890.30
Soyabeans,LaoPeople'sDemocraticRepublic,2008,8485.00,10595.00,12487.00,,77.00,20.00,,,4338.74,1813.30,6229.93,944.72
Soyabeans,LaoPeople'sDemocraticRepublic,2009,12635.00,19425.00,15374.00,,94.00,23.00,,,4368.38,1877.89,6323.42,1083.24
Soyabeans,LaoPeople'sDemocraticRepublic,2010,7235.00,11435.00,15805.00,,94.00,23.00,,,4391.63,1941.86,6416.33,1270.11
Soyabeans,LaoPeople'sDemocraticRepublic,2011,9145.00,13820.00,15112.00,773.60,215.00,94.00,,,4409.55,2005.62,6508.80,1472.31
Soyabeans,LaoPeople'sDemocraticRepublic,2012,3885.00,6360.00,16371.00,865.00,215.00,94.00,,,4424.63,2069.93,6600.74,1711.89
Soyabeans,LaoPeople'sDemocraticRepublic,2013,8900.00,13905.00,15624.00,959.70,215.00,94.00,,,4439.92,2136.48,6691.45,1895.41
Soyabeans,LaoPeople'sDemocraticRepublic,2014,10970.00,17035.00,15529.00,,48.00,28.00,24.00,19.00,4457.64,2206.33,6787.42,2025.88
Soyabeans,LaoPeople'sDemocraticRepublic,2015,11880.00,18675.00,15720.00,,322.84,147.00,167.00,126.00,4478.36,2279.99,6891.36,2194.95
Soyabeans,LaoPeople'sDemocraticRepublic,2016,12070.00,19130.00,15849.00,,121.18,55.00,109.00,54.00,4501.17,2356.99,6997.92,2310.71
Soyabeans,LaoPeople'sDemocraticRepublic,2017,4260.00,7960.00,18685.00,,86.62,39.00,138.00,61.00,4524.50,2436.71,7105.01,2442.77
Soyabeans,LaoPeople'sDemocraticRepublic,2018,4730.00,8380.00,17717.00,,3033.97,1381.00,78.00,39.00,4546.19,2518.06,7212.05,2448.14
Soyabeans,LaoPeople'sDemocraticRepublic,2019,6980.00,12171.69,17438.00,,5443.93,1550.00,170.59,106.00,4564.69,2600.13,7319.40,2456.46
Soyabeans,LaoPeople'sDemocraticRepublic,2020,8152.00,14594.44,17903.00,,5835.19,2161.00,1170.40,487.00,4579.66,2682.64,7425.06,2413.75
Soyabeans,LaoPeople'sDemocraticRepublic,2021,8052.00,14480.98,17984.00,,4768.16,1387.00,450.60,218.00,,,,
Soyabeans,LaoPeople'sDemocraticRepublic,2022,8125.00,14772.32,18181.00,,5400.00,1700.00,1295.56,941.00,,,,
Soyabeans,LaoPeople'sDemocraticRepublic,2023,,,,,,,,,6125.20,2293.26,8074.81,
Soyabeans,Malaysia,1961,48.00,19.00,3958.00,,27.00,3.00,16688.00,2101.00,6267.98,2424.84,8324.22,
Soyabeans,Malaysia,1962,50.00,20.00,4000.00,,414.00,41.00,18020.00,2153.00,6411.26,2562.83,8579.35,
Soyabeans,Malaysia,1963,30.00,12.00,4000.00,,19.00,3.00,16904.00,2023.00,6548.86,2705.10,8835.93,
Soyabeans,Malaysia,1964,30.00,12.00,4000.00,,5.00,1.00,18831.00,2304.00,6676.90,2849.67,9091.02,
Soyabeans,Malaysia,1965,74.00,30.00,4054.00,,14.00,2.00,18276.00,2498.00,6793.87,2996.11,9340.24,
Soyabeans,Malaysia,1966,72.00,30.00,4167.00,,5.00,,18072.00,2406.00,6901.35,3144.82,9582.09,
Soyabeans,Malaysia,1967,47.00,25.00,5319.00,,11.00,2.00,19365.00,2507.00,7001.15,3296.65,9821.31,
Soyabeans,Malaysia,1968,80.00,40.00,5000.00,,6.00,1.00,20531.00,2508.00,7096.57,3452.66,10061.68,
Soyabeans,Malaysia,1969,120.00,50.00,4167.00,,11.00,2.00,19482.00,2473.00,7189.61,3614.37,10306.51,369.06
Soyabeans,Malaysia,1970,164.00,85.00,5183.00,,23.00,4.00,22925.00,2651.00,7271.18,3791.16,10552.56,390.94
Soyabeans,Malaysia,1971,56.00,50.00,8929.00,,19.00,3.00,21031.00,2752.00,7348.98,3975.27,10801.62,454.50
Soyabeans,Malaysia,1972,80.00,60.00,7500.00,,43.00,7.00,23410.00,3474.00,7425.82,4166.88,11062.66,668.30
Soyabeans,Malaysia,1973,77.00,70.00,9091.00,,46.00,14.00,22417.00,5529.00,7503.34,4367.89,11335.19,801.22
Soyabeans,Malaysia,1974,341.00,400.00,11730.00,,113.00,27.00,15464.00,4521.00,7582.99,4579.38,11617.95,776.89
Soyabeans,Malaysia,1975,128.00,130.00,10156.00,,14.00,3.00,17505.00,4885.00,7665.97,4802.92,11910.08,891.57
Soyabeans,Malaysia,1976,252.00,260.00,10317.00,,16.00,5.00,21318.00,6031.00,7752.18,5038.36,12218.92,1032.91
Soyabeans,Malaysia,1977,63.00,70.00,11111.00,,10.00,3.00,22844.00,7065.00,7838.22,5284.85,12543.89,1245.55
Soyabeans,Malaysia,1978,53.00,70.00,13208.00,,10.00,3.00,27584.00,7485.00,7920.27,5539.94,12875.01,1574.16
Soyabeans,Malaysia,1979,14.00,15.00,10714.00,,19.00,5.00,27316.00,8161.00,7996.88,5801.25,13215.71,1786.29
Soyabeans,Malaysia,1980,34.00,40.00,11765.00,,415.00,147.00,90099.00,28462.00,8083.62,6050.22,13564.59,1779.01
Soyabeans,Malaysia,1981,70.00,100.00,14286.00,,9119.00,3043.00,190023.00,62259.00,8165.19,6305.44,13921.03,1836.61
Soyabeans,Malaysia,1982,3.00,5.00,16667.00,,2389.00,743.00,178590.00,49220.00,8247.36,6571.25,14292.86,1990.31
Soyabeans,Malaysia,1983,55.00,80.00,14545.00,,1500.00,456.00,174171.00,47561.00,8337.33,6854.29,14686.45,2155.21
Soyabeans,Malaysia,1984,6.00,9.00,15000.00,,1213.00,466.00,174381.00,55427.00,8440.05,7158.89,15108.14,1918.26
Soyabeans,Malaysia,1985,12.00,27.00,22500.00,,1119.00,310.00,203475.00,49176.00,8556.66,7488.39,15558.74,1663.63
Soyabeans,Malaysia,1986,10.00,6.00,6000.00,,2552.00,697.00,255357.00,55398.00,8683.91,7841.20,16033.10,1883.87
Soyabeans,Malaysia,1987,10.00,4.00,4000.00,,3834.00,1043.00,279650.00,62658.00,8814.88,8212.71,16524.62,2017.04
Soyabeans,Malaysia,1988,10.00,3.00,3000.00,,3568.00,1192.00,363416.00,102193.00,8941.24,8594.74,17020.14,2154.44
Soyabeans,Malaysia,1989,10.00,3.00,3000.00,,3374.00,1207.00,371829.00,111569.00,9056.35,8981.97,17517.05,2406.36
Soyabeans,Malaysia,1990,6.00,2.00,3333.00,,7556.00,2388.00,473620.00,122045.00,9158.04,9371.41,18017.46,2589.83
Soyabeans,Malaysia,1991,,,,,13521.00,4202.00,551934.00,141310.00,9161.43,9851.29,18526.71,3023.14
Soyabeans,Malaysia,1992,,,,,11517.00,3953.00,513781.00,131183.00,9141.38,10353.59,19050.08,3342.97
Soyabeans,Malaysia,1993,,,,,16907.00,5646.00,494804.00,130908.00,9113.72,10873.17,19588.70,3619.22
Soyabeans,Malaysia,1994,,,,,10023.00,3488.00,484062.00,133603.00,9082.00,11413.60,20136.89,4205.66
Soyabeans,Malaysia,1995,,,,,14451.00,3365.00,495177.00,132134.00,9046.59,11976.73,20689.05,4647.83
Soyabeans,Malaysia,1996,,,,,20364.00,6311.00,386383.00,129746.00,9006.38,12558.95,21249.18,4461.49
Soyabeans,Malaysia,1997,,,,,12800.00,4000.00,471200.00,150000.00,8956.91,13156.56,21810.54,3130.21
Soyabeans,Malaysia,1998,,,,,25443.00,8257.00,492639.00,131843.00,8894.35,13761.93,22368.66,3292.65
Soyabeans,Malaysia,1999,,,,,64390.00,15907.00,546528.00,145429.00,8815.95,14369.65,22945.15,3756.01
Soyabeans,Malaysia,2000,,,,,38343.00,7940.00,582897.00,132186.00,8787.06,14911.85,23542.52,3654.71
Soyabeans,Malaysia,2001,,,,,15255.00,3908.00,671261.00,150897.00,8746.39,15452.42,24142.45,3903.93
Soyabeans,Malaysia,2002,,,,,30404.00,6706.00,664324.00,167374.00,8695.42,15993.28,24739.41,4214.80
Soyabeans,Malaysia,2003,,,,,23964.00,6706.00,587606.00,170405.00,8636.30,16537.81,25333.25,4670.85
Soyabeans,Malaysia,2004,,,,,11216.00,5284.00,1044142.00,237690.00,8571.84,17087.55,25923.54,5292.96
Soyabeans,Malaysia,2005,,,,,18566.00,5402.00,820578.00,176847.00,8501.09,17642.48,26509.41,5959.30
Soyabeans,Malaysia,2006,,,,,17445.00,4199.00,389642.00,163702.00,8424.43,18201.42,27092.60,6993.84
Soyabeans,Malaysia,2007,,,,,25552.00,8731.00,506244.00,217485.00,8343.39,18767.68,27664.30,8093.70
Soyabeans,Malaysia,2008,,,,,21594.00,13250.00,503219.00,306284.00,8260.98,19344.40,28217.20,7024.95
Soyabeans,Malaysia,2009,,,,,29090.00,13105.00,491477.00,244737.00,8177.34,19934.95,28717.73,8597.66
Soyabeans,Malaysia,2010,,,,,19461.00,10388.00,637726.00,319048.00,8129.92,20505.20,29184.13,9967.50
Soyabeans,Malaysia,2011,,,,,28628.00,17196.00,637286.00,383360.00,8087.43,21083.03,29660.21,10210.28
Soyabeans,Malaysia,2012,,,,,25390.00,15896.00,588994.00,362058.00,8041.48,21665.25,30134.81,10369.86
Soyabeans,Malaysia,2013,,,,,15271.00,10851.00,556944.00,350683.00,7987.24,22240.78,30606.46,10679.96
Soyabeans,Malaysia,2014,,,,,23482.63,14739.00,576824.00,343857.00,7922.59,22800.56,31068.83,9434.94
Soyabeans,Malaysia,2015,,,,,18859.69,10412.00,726585.78,318045.00,7846.72,23340.55,31526.42,9291.14
Soyabeans,Malaysia,2016,,,,,69604.16,17746.00,796113.61,328262.00,7764.81,23859.45,31975.81,9698.58
Soyabeans,Malaysia,2017,,,,,40030.91,15792.00,800118.16,338842.00,7678.73,24363.73,32399.27,10729.14
Soyabeans,Malaysia,2018,,,,,11406.33,5838.00,699952.07,306052.00,7592.14,24862.31,32804.02,10844.55
Soyabeans,Malaysia,2019,,,,,12844.56,6329.00,771378.15,313547.00,7507.36,25361.96,33199.99,9946.01
Soyabeans,Malaysia,2020,,,,,11879.48,6434.00,732070.30,307324.00,7424.93,25864.29,33573.87,10768.89
Soyabeans,Malaysia,2021,,,,,8149.02,6032.00,735540.40,439193.00,,,,
Soyabeans,Malaysia,2022,,,,,8918.69,7623.00,722446.80,490182.00,,,,
Soyabeans,Malaysia,2023,,,,,,,,,17243.51,4194.51,22203.11,
Soyabeans,Myanmar,1961,3428.00,1138.00,3320.00,,,,,,17538.06,4359.96,22699.70,
Soyabeans,Myanmar,1962,14164.00,10669.00,7532.00,,,,,,17839.50,4532.40,23210.69,
Soyabeans,Myanmar,1963,15449.00,11209.00,7255.00,,,,,,18153.92,4713.83,23737.82,
Soyabeans,Myanmar,1964,12662.00,7893.00,6234.00,,,,,,18485.77,4905.38,24286.88,
Soyabeans,Myanmar,1965,12355.00,7389.00,5981.00,,,,,,18835.98,5108.20,24854.70,
Soyabeans,Myanmar,1966,14940.00,9124.00,6107.00,,,,,,19202.47,5322.08,25440.03,
Soyabeans,Myanmar,1967,14770.00,8943.00,6055.00,,,,,,19581.50,5546.62,26044.11,
Soyabeans,Myanmar,1968,16997.00,10567.00,6217.00,,,,,,19968.28,5780.36,26659.48,
Soyabeans,Myanmar,1969,16997.00,10669.00,6277.00,,,,,,20358.53,6022.90,27284.11,80.62
Soyabeans,Myanmar,1970,18211.00,12701.00,6974.00,,,,,,20751.00,6273.98,27914.95,81.17
Soyabeans,Myanmar,1971,19557.00,12705.00,6496.00,,,,,,21145.98,6534.16,28551.95,75.52
Soyabeans,Myanmar,1972,19408.00,12998.00,6697.00,,,,,,21571.61,6775.73,29165.36,102.50
Soyabeans,Myanmar,1973,20235.00,13717.00,6779.00,,,,,,22086.48,6941.26,29751.94,148.28
Soyabeans,Myanmar,1974,18616.00,11685.00,6277.00,,,,,,22611.73,7110.24,30344.28,131.69
Soyabeans,Myanmar,1975,20997.00,13439.00,6400.00,,,,,,23145.84,7282.19,30941.38,137.64
Soyabeans,Myanmar,1976,21502.00,12432.00,5782.00,,,,,,23687.60,7456.73,31554.60,137.88
Soyabeans,Myanmar,1977,23932.00,16541.00,6912.00,,,,,,24238.04,7634.19,32185.60,153.56
Soyabeans,Myanmar,1978,23147.00,15817.00,6833.00,,,,,,24798.79,7815.10,32821.78,171.11
Soyabeans,Myanmar,1979,22751.00,15717.00,6908.00,,,,,,25370.16,7999.56,33465.78,186.31
Soyabeans,Myanmar,1980,21651.00,15023.00,6939.00,,,,,,25951.71,8187.42,34110.10,181.87
Soyabeans,Myanmar,1981,24700.00,17212.00,6968.00,,,,,,26540.22,8377.68,34742.59,179.62
Soyabeans,Myanmar,1982,26821.00,19271.00,7185.00,,,,,,27115.27,8582.67,35424.26,182.38
Soyabeans,Myanmar,1983,26584.00,20582.00,7742.00,,,,,,27639.12,8829.77,36159.84,181.49
Soyabeans,Myanmar,1984,27282.00,22070.00,8090.00,,,,,,28146.97,9075.33,36881.02,182.84
Soyabeans,Myanmar,1985,28170.00,23466.00,8330.00,,,,,,28638.00,9319.33,37572.34,154.93
Soyabeans,Myanmar,1986,28029.00,22835.00,8147.00,,30.00,5.00,,,29111.82,9561.42,38233.17,144.71
Soyabeans,Myanmar,1987,30359.00,27013.00,8898.00,,1000.00,200.00,,,29562.49,9799.65,38868.27,141.43
Soyabeans,Myanmar,1988,33376.00,27239.00,8161.00,,2200.00,550.00,,,29983.54,10031.32,39489.42,149.64
Soyabeans,Myanmar,1989,33524.00,26955.00,8041.00,,800.00,240.00,,,30371.02,10255.23,40099.55,154.53
Soyabeans,Myanmar,1990,31603.00,25515.00,8074.00,,800.00,200.00,,,30720.62,10469.53,40680.53,164.49
Soyabeans,Myanmar,1991,33184.00,26500.00,7986.00,,1329.00,367.00,,,31036.13,10675.33,41237.81,178.87
Soyabeans,Myanmar,1992,37231.00,29800.00,8004.00,,3700.00,1000.00,,,31332.61,10877.17,41788.30,192.94
Soyabeans,Myanmar,1993,43706.00,33600.00,7688.00,,560.00,155.00,,,31629.95,11082.28,42337.11,208.52
Soyabeans,Myanmar,1994,59894.00,48900.00,8164.00,,2350.00,670.00,,,31942.25,11295.54,42880.19,224.35
Soyabeans,Myanmar,1995,71629.00,64700.00,9033.00,,400.00,110.00,,,32274.30,11519.01,43423.37,239.32
Soyabeans,Myanmar,1996,68392.00,61500.00,8992.00,,400.00,125.00,,,32620.93,11750.60,43972.05,248.50
Soyabeans,Myanmar,1997,77700.00,73400.00,9447.00,,440.00,140.00,,,32972.49,11987.44,44516.19,152.93
Soyabeans,Myanmar,1998,101576.00,83900.00,8260.00,,3500.00,1100.00,,,33315.06,12224.37,45041.64,153.85
Soyabeans,Myanmar,1999,107646.00,97400.00,9048.00,,5500.00,1600.00,,,33637.94,12457.53,45538.33,185.82
Soyabeans,Myanmar,2000,114121.00,108500.00,9507.00,,4300.00,1400.00,,,33941.55,12686.44,46014.83,208.73
Soyabeans,Myanmar,2001,117759.00,118700.00,10080.00,,3100.00,900.00,,,34228.01,12912.21,46480.23,257.50
Soyabeans,Myanmar,2002,116145.00,122000.00,10504.00,,2031.00,398.00,,,34492.26,13132.63,46924.29,224.04
Soyabeans,Myanmar,2003,135165.00,146500.00,10839.00,,3019.00,591.00,,,34728.33,13345.37,47338.45,248.08
Soyabeans,Myanmar,2004,145282.00,157800.00,10862.00,,3859.00,916.00,,,34933.87,13548.74,47724.47,288.54
Soyabeans,Myanmar,2005,155804.00,185900.00,11932.00,,2500.00,580.00,,,35105.02,13741.45,48088.27,334.30
Soyabeans,Myanmar,2006,157423.00,200800.00,12755.00,,3200.00,1300.00,,,35246.67,13924.92,48445.65,412.61
Soyabeans,Myanmar,2007,158232.00,213600.00,13499.00,,4200.00,1750.00,,,35374.49,14105.27,48729.49,557.81
Soyabeans,Myanmar,2008,166326.00,240000.00,14429.00,,5300.00,2200.00,,,35510.14,14290.55,49015.84,710.40
Soyabeans,Myanmar,2009,170777.00,253700.00,14856.00,,5000.00,2100.00,,,35668.45,14487.45,49390.99,883.34
Soyabeans,Myanmar,2010,169159.00,254500.00,15045.00,,5000.00,2200.00,,,35854.78,14698.26,49794.52,1191.06
Soyabeans,Myanmar,2011,157423.00,161900.00,10284.00,,5000.00,2300.00,,,36064.79,14921.72,50218.19,1257.35
Soyabeans,Myanmar,2012,157423.00,162600.00,10329.00,,244.00,2400.00,,,36292.94,15155.25,50648.33,1262.84
Soyabeans,Myanmar,2013,154995.00,160600.00,10362.00,,5000.00,2450.00,,,36528.88,15395.31,51072.44,1327.77
Soyabeans,Myanmar,2014,150948.00,156500.00,10368.00,,5497.19,2483.00,280.97,228.00,36757.13,15646.54,51483.95,1232.87
Soyabeans,Myanmar,2015,148520.00,154300.00,10389.00,,8302.93,2927.00,897.43,559.00,36976.38,15908.84,51892.35,1283.03
Soyabeans,Myanmar,2016,143006.00,149185.00,10432.00,,2768.20,1262.00,388.56,188.00,37187.53,16183.08,52288.34,1297.86
Soyabeans,Myanmar,2017,139743.00,145465.00,10409.00,,3469.27,1334.00,14440.01,5769.00,37387.37,16468.36,52666.01,1391.50
Soyabeans,Myanmar,2018,138988.00,143717.32,10340.00,,1192.30,665.00,10063.97,4748.00,37572.51,16763.63,53040.21,1394.72
Soyabeans,Myanmar,2019,137474.00,141939.00,10325.00,,4657.38,1922.00,15520.20,6534.00,37740.21,17068.07,53423.20,1462.23
Soyabeans,Myanmar,2020,131247.00,135132.00,10296.00,,15873.35,6974.00,21602.45,9327.00,37888.30,17381.06,53798.08,1095.32
Soyabeans,Myanmar,2021,130000.00,133664.00,10282.00,,2909.47,1761.00,16419.75,9810.00,,,,
Soyabeans,Myanmar,2022,126817.00,131223.39,10347.00,,230.10,168.00,12469.00,5984.00,,,,
Soyabeans,Myanmar,2023,,,,,,,,,18864.36,8300.26,29342.41,
Soyabeans,Philippines,1961,2200.00,2070.00,9409.00,,,,1990.00,193.00,19427.80,8653.43,30185.98,
Soyabeans,Philippines,1962,1800.00,1640.00,9111.00,,,,130.00,13.00,19999.15,9017.62,31043.71,
Soyabeans,Philippines,1963,1630.00,1490.00,9141.00,,,,15943.00,1580.00,20572.39,9390.48,31916.62,
Soyabeans,Philippines,1964,1660.00,1405.00,8464.00,,,,9170.00,934.00,21143.89,9770.04,32805.54,
Soyabeans,Philippines,1965,1470.00,1132.00,7701.00,,,,20796.00,2213.00,21711.64,10155.93,33704.75,
Soyabeans,Philippines,1966,1430.00,1103.00,7713.00,,,,22652.00,2267.00,22277.61,10548.99,34616.86,
Soyabeans,Philippines,1967,1480.00,1200.00,8108.00,,,,3088.00,582.00,22845.66,10951.38,35544.97,
Soyabeans,Philippines,1968,1420.00,1188.00,8366.00,,,,2080.00,335.00,23421.90,11365.68,36477.17,
Soyabeans,Philippines,1969,1460.00,1195.00,8185.00,,,,717.00,167.00,23996.85,11807.88,37435.59,203.89
Soyabeans,Philippines,1970,1460.00,1195.00,8185.00,,,,1636.00,232.00,24508.57,12342.48,38421.75,221.52
Soyabeans,Philippines,1971,1510.00,1376.00,9113.00,,,,1063.00,153.00,25026.26,12899.14,39412.48,233.96
Soyabeans,Philippines,1972,1240.00,1128.00,9097.00,,,,2107.00,360.00,25549.09,13477.00,40406.23,289.23
Soyabeans,Philippines,1973,1240.00,1306.00,10532.00,,,,4943.00,1303.00,26073.71,14076.26,41388.32,388.27
Soyabeans,Philippines,1974,2780.00,2214.00,7964.00,,,,2044.00,566.00,26610.78,14684.35,42394.43,407.05
Soyabeans,Philippines,1975,7830.00,5657.00,7225.00,,,,12416.00,3108.00,27210.38,15250.81,43474.37,453.01
Soyabeans,Philippines,1976,11250.00,8396.00,7463.00,,,,11153.00,2410.00,27816.09,15834.24,44646.52,507.75
Soyabeans,Philippines,1977,10380.00,8133.00,7835.00,,,,13607.00,2943.00,28429.36,16436.91,45890.74,572.45
Soyabeans,Philippines,1978,9230.00,7099.00,7691.00,,,,7764.00,2214.00,29053.20,17060.80,47154.23,679.57
Soyabeans,Philippines,1979,8400.00,8033.00,9563.00,,,,11679.00,3312.00,29644.07,17752.90,48419.55,776.91
Soyabeans,Philippines,1980,9580.00,9395.00,9807.00,,,,11938.00,3499.00,30011.50,18704.09,49679.33,830.31
Soyabeans,Philippines,1981,10410.00,10057.00,9661.00,,,,200.00,86.00,30369.95,19698.55,50938.52,837.18
Soyabeans,Philippines,1982,10910.00,11467.00,10511.00,,,,31424.00,8856.00,30718.64,20736.40,52219.69,727.11
Soyabeans,Philippines,1983,8590.00,8104.00,9434.00,,9.00,4.00,30655.00,8285.00,31055.19,21818.79,53514.96,660.92
Soyabeans,Philippines,1984,7740.00,7618.00,9842.00,,,,2.00,1.00,31379.87,22943.78,54812.66,627.99
Soyabeans,Philippines,1985,8210.00,8280.00,10085.00,,,,22997.00,5806.00,31689.79,24114.29,56109.84,597.49
Soyabeans,Philippines,1986,6530.00,6670.00,10214.00,,15.00,8.00,5923.00,1300.00,31983.81,25329.50,57415.18,654.52
Soyabeans,Philippines,1987,7562.00,6736.00,8908.00,,,,9464.00,2175.00,32257.12,26588.09,58755.92,732.90
Soyabeans,Philippines,1988,5154.00,5935.00,11515.00,,33.00,30.00,24169.00,5835.00,32507.44,27884.42,60127.34,804.69
Soyabeans,Philippines,1989,4753.00,4049.00,8519.00,,,,28758.00,8641.00,32840.92,29106.43,61558.90,828.98
Soyabeans,Philippines,1990,4050.00,4937.00,12190.00,,,,24036.00,7131.00,33722.63,29785.83,63039.75,838.18
Soyabeans,Philippines,1991,2116.00,2284.09,10794.00,355.00,,,63247.00,17528.00,34610.22,30465.26,64543.53,969.78
Soyabeans,Philippines,1992,1652.00,1808.51,10947.00,360.00,,,51893.00,12609.00,35504.44,31145.81,66083.32,978.32
Soyabeans,Philippines,1993,1772.00,2132.89,12037.00,366.00,,,61567.00,15503.00,36407.38,31828.85,67650.28,1128.54
Soyabeans,Philippines,1994,1888.00,2360.67,12504.00,407.00,,,135523.00,32582.00,37320.23,32515.49,69250.47,1277.50
Soyabeans,Philippines,1995,2292.00,2983.33,13016.00,408.00,,,86877.00,23718.00,38241.71,33204.40,70944.97,1442.97
Soyabeans,Philippines,1996,1547.00,1818.40,11754.00,442.00,,,138410.00,41602.00,39170.18,33894.59,72718.84,1401.65
Soyabeans,Philippines,1997,1245.00,1614.86,12971.00,424.00,,,111052.00,31932.00,40106.98,34586.71,74491.92,1108.92
Soyabeans,Philippines,1998,869.00,1048.00,12060.00,350.00,,,150855.00,51862.00,41053.64,35282.18,76249.06,1238.72
Soyabeans,Philippines,1999,856.00,1041.00,12161.00,276.00,,,262594.00,108856.00,42010.50,35981.07,77958.22,1218.20
Soyabeans,Philippines,2000,774.00,953.00,12313.00,295.00,,,240190.00,53804.00,42979.69,36685.62,79626.09,1131.42
Soyabeans,Philippines,2001,737.00,897.00,12171.00,308.00,,,316004.00,74373.00,43958.82,37393.24,81285.57,1187.03
Soyabeans,Philippines,2002,768.00,990.51,12904.00,226.00,,,264110.00,88233.00,44937.09,38094.87,82942.84,1194.70
Soyabeans,Philippines,2003,754.00,973.69,12915.00,242.00,,,289220.00,78402.00,45900.21,38778.28,84607.50,1272.58
Soyabeans,Philippines,2004,752.00,978.00,13005.00,360.00,,,284139.00,98023.00,46838.33,39435.91,86261.25,1416.64
Soyabeans,Philippines,2005,755.00,988.00,13086.00,,,,147503.00,41714.00,47746.31,40063.11,87901.84,1637.49
Soyabeans,Philippines,2006,788.00,1050.00,13325.00,,44.00,12.00,108003.00,32035.00,48629.04,40664.45,89561.38,1952.08
Soyabeans,Philippines,2007,492.00,676.00,13740.00,,3.00,4.00,166679.00,53204.00,49500.35,41251.52,91252.33,2240.79
Soyabeans,Philippines,2008,738.00,1015.00,13753.00,,36.00,20.00,40875.00,19045.00,50379.71,41841.17,92946.95,2197.41
Soyabeans,Philippines,2009,626.00,842.00,13450.00,,36.00,20.00,34261.00,13069.00,51238.69,42487.93,94636.70,2448.81
Soyabeans,Philippines,2010,583.00,812.00,13928.00,,20.00,11.00,109930.00,30298.00,51905.59,43372.35,96337.91,2693.60
Soyabeans,Philippines,2011,517.00,684.00,13230.00,,186.00,88.00,51642.00,29101.00,52586.50,44280.14,98032.32,2966.61
Soyabeans,Philippines,2012,434.00,567.00,13065.00,,4.00,7.00,57782.00,28312.00,53275.65,45205.38,99700.11,3182.42
Soyabeans,Philippines,2013,569.00,806.74,14169.00,522.00,170.00,151.00,28714.00,18217.00,53961.96,46140.29,,3274.27
Soyabeans,Philippines,2014,596.00,694.68,11661.00,532.00,31.74,20.00,43981.95,27409.00,54638.16,47078.20,,3314.20
Soyabeans,Philippines,2015,481.00,545.34,11330.00,520.00,120.00,382.00,67922.71,36974.00,55302.33,48017.89,,3375.56
Soyabeans,Philippines,2016,495.00,544.13,11002.00,490.00,,,130573.86,61861.00,55939.80,48978.29,,3416.94
Soyabeans,Philippines,2017,514.00,666.18,12970.00,391.00,0.56,1.00,193073.68,91364.00,56550.10,49961.98,,3535.24
Soyabeans,Philippines,2018,490.00,657.74,13421.00,387.00,0.13,,191396.23,88967.00,57134.90,50971.41,,3755.66
Soyabeans,Philippines,2019,461.00,658.54,14286.00,,148.63,84.00,178054.81,79416.00,57694.79,52008.60,,3468.78
Soyabeans,Philippines,2020,396.00,554.45,13999.00,387.00,1.59,1.00,150697.63,66475.00,58228.68,53074.11,,3584.23
Soyabeans,Philippines,2021,297.00,407.45,13709.00,553.00,0.41,,165559.43,103701.00,,,,
Soyabeans,Philippines,2022,440.00,626.43,14225.00,496.00,2.65,3.00,152715.25,116776.00,,,,
Soyabeans,Philippines,2023,,,,,,,,,,1689.55,1657.55,
Soyabeans,Singapore,1961,,,,,7000.00,900.00,18000.00,1900.00,,1741.42,1711.05,
Soyabeans,Singapore,1962,,,,,6531.00,819.00,17122.00,1822.00,,1789.34,1762.52,
Soyabeans,Singapore,1963,,,,,7302.00,906.00,19266.00,2107.00,,1834.49,1812.33,
Soyabeans,Singapore,1964,,,,,7469.00,907.00,15584.00,1695.00,,1877.81,1860.65,
Soyabeans,Singapore,1965,,,,,8111.00,1089.00,19987.00,2463.00,,1919.27,1906.85,
Soyabeans,Singapore,1966,,,,,7062.00,890.00,12655.00,1653.00,,1958.73,1950.28,
Soyabeans,Singapore,1967,,,,,8551.00,1026.00,14355.00,1936.00,,1996.87,1990.68,
Soyabeans,Singapore,1968,,,,,8327.00,970.00,12648.00,1672.00,,2034.53,2027.41,
Soyabeans,Singapore,1969,,,,,7067.00,814.00,16488.00,2120.00,,2072.29,2061.83,940.39
Soyabeans,Singapore,1970,,,,,5480.00,624.00,62188.00,7607.00,,2110.98,2095.90,1082.25
Soyabeans,Singapore,1971,,,,,7506.00,862.00,45556.00,6367.00,,2150.52,2131.57,1381.43
Soyabeans,Singapore,1972,,,,,7311.00,918.00,63866.00,9419.00,,2189.64,2168.36,1908.94
Soyabeans,Singapore,1973,,,,,8155.00,1445.00,50809.00,10658.00,,2226.40,2202.33,2325.56
Soyabeans,Singapore,1974,,,,,5416.00,1206.00,52466.00,15653.00,,2259.75,2232.43,2616.71
Soyabeans,Singapore,1975,,,,,5136.00,1115.00,31356.00,9389.00,,2288.89,2261.94,2669.96
Soyabeans,Singapore,1976,,,,,19663.00,4240.00,53312.00,13813.00,,2315.02,2292.17,2891.15
Soyabeans,Singapore,1977,,,,,29779.00,7210.00,83482.00,23202.00,,2341.43,2323.25,3462.80
Soyabeans,Singapore,1978,,,,,17593.00,4468.00,47951.00,15057.00,,2372.62,2358.23,4107.23
Soyabeans,Singapore,1979,,,,,14325.00,3625.00,62358.00,19853.00,,2411.70,2400.73,4774.42
Soyabeans,Singapore,1980,,,,,20369.00,5552.00,83150.00,26876.00,,2460.39,2451.72,5522.70
Soyabeans,Singapore,1981,,,,,12711.00,4967.00,26364.00,11100.00,,2517.58,2507.22,6014.13
Soyabeans,Singapore,1982,,,,,14212.00,5385.00,32501.00,11751.00,,2580.26,2564.77,6827.17
Soyabeans,Singapore,1983,,,,,16498.00,5447.00,28287.00,8311.00,,2643.95,2624.37,7407.23
Soyabeans,Singapore,1984,,,,,14706.00,5843.00,30728.00,12445.00,,2705.54,2685.99,6971.84
Soyabeans,Singapore,1985,,,,,18647.00,6225.00,35229.00,10943.00,,2763.59,2749.73,6832.13
Soyabeans,Singapore,1986,,,,,23029.00,6649.00,41566.00,11119.00,,2819.60,2814.74,7482.88
Soyabeans,Singapore,1987,,,,,21088.00,6532.00,41960.00,11642.00,,2876.89,2880.50,9091.92
Soyabeans,Singapore,1988,,,,,26877.00,8883.00,51393.00,16464.00,,2940.26,2945.69,10606.99
Soyabeans,Singapore,1989,,,,,25083.00,8368.00,55040.00,18307.00,,3012.95,3022.21,12739.22
Soyabeans,Singapore,1990,,,,,16326.00,5609.00,50600.00,15974.00,,3096.57,3120.62,14349.08
Soyabeans,Singapore,1991,,,,,9431.00,3794.00,34307.00,11872.00,,3189.43,3228.23,16158.22
Soyabeans,Singapore,1992,,,,,6229.00,2603.00,28754.00,10420.00,,3287.59,3334.13,17793.02
Soyabeans,Singapore,1993,,,,,7982.00,3303.00,32422.00,12329.00,,3385.35,3438.61,21457.61
Soyabeans,Singapore,1994,,,,,8405.00,3426.00,32871.00,11859.00,,3478.78,3543.88,24957.87
Soyabeans,Singapore,1995,,,,,6559.00,2675.00,28627.00,10326.00,,3566.13,3651.90,26178.50
Soyabeans,Singapore,1996,,,,,5319.00,2715.00,27825.00,12623.00,,3649.14,3760.65,27145.72
Soyabeans,Singapore,1997,,,,,5288.00,2725.00,30729.00,13984.00,,3731.44,3866.29,22500.31
Soyabeans,Singapore,1998,,,,,4398.00,1735.00,24503.00,8908.00,,3818.46,3966.48,22000.42
Soyabeans,Singapore,1999,,,,,3418.00,1169.00,26741.00,8256.00,,3913.96,4053.60,23556.63
Soyabeans,Singapore,2000,,,,,2416.48,906.00,24853.48,8098.00,,4018.78,4121.34,21641.86
Soyabeans,Singapore,2001,,,,,2502.00,1037.00,23579.00,7684.00,,4131.21,4176.79,21714.46
Soyabeans,Singapore,2002,,,,,1702.00,645.00,21179.00,7060.00,,4249.30,4226.41,22489.77
Soyabeans,Singapore,2003,,,,,1789.00,726.00,20001.00,7519.00,,4370.04,4270.40,25308.03
Soyabeans,Singapore,2004,,,,,2006.00,1059.00,22739.00,9812.00,,4491.04,4344.64,27752.95
Soyabeans,Singapore,2005,,,,,1551.00,651.00,21581.00,8378.00,,4611.90,4486.58,32228.58
Soyabeans,Singapore,2006,,,,,1235.00,550.00,21220.00,8524.00,,4732.53,4663.26,37780.90
Soyabeans,Singapore,2007,,,,,1263.00,647.00,19358.00,9027.00,,4851.11,4838.40,38544.78
Soyabeans,Singapore,2008,,,,,822.00,710.00,19614.00,13807.00,,4965.52,5010.70,36737.32
Soyabeans,Singapore,2009,,,,,324.00,314.00,18526.00,12890.00,,5074.25,5163.59,45940.30
Soyabeans,Singapore,2010,,,,,759.00,551.00,20348.00,13431.00,,5176.02,5281.34,51077.42
Soyabeans,Singapore,2011,,,,,325.00,342.00,19129.00,14635.00,,5270.96,5381.01,52401.13
Soyabeans,Singapore,2012,,,,,468.00,469.00,19233.00,15134.00,,5360.84,5478.06,53122.81
Soyabeans,Singapore,2013,,,,,554.00,562.00,19614.00,16855.00,,5448.34,5570.50,54557.14
Soyabeans,Singapore,2014,,,,,1040.77,978.00,20248.55,16946.00,,5535.26,5650.02,50793.28
Soyabeans,Singapore,2015,,,,,1822.93,1091.00,23111.18,16774.00,,5622.46,5711.93,52395.78
Soyabeans,Singapore,2016,,,,,252.85,341.00,21500.93,13592.00,,5708.84,5764.49,55035.26
Soyabeans,Singapore,2017,,,,,281.90,286.00,20353.64,13116.00,,5791.90,5814.54,56954.73
Soyabeans,Singapore,2018,,,,,218.19,194.00,21026.94,13938.00,,5868.10,5866.41,56003.86
Soyabeans,Singapore,2019,,,,,251.40,223.00,21113.20,13951.00,,5935.05,5909.87,50602.97
Soyabeans,Singapore,2020,,,,,377.53,350.00,21462.99,14305.00,,5991.80,5941.06,58770.36
Soyabeans,Singapore,2021,,,,,493.45,417.00,21650.94,17898.00,,,,
Soyabeans,Singapore,2022,,,,,984.70,978.00,23133.65,20871.00,,,,
Soyabeans,Singapore,2023,,,,,,,,,22641.18,5583.03,27399.96,
Soyabeans,Thailand,1961,22880.00,24200.00,10577.00,,2090.00,247.00,,,23296.73,5784.31,28242.17,
Soyabeans,Thailand,1962,27200.00,30000.00,11029.00,,1910.00,239.00,,,23973.61,5993.43,29114.12,
Soyabeans,Thailand,1963,32000.00,33000.00,10313.00,,4400.00,486.00,,,24670.96,6210.37,30013.57,
Soyabeans,Thailand,1964,34080.00,31300.00,9184.00,,4320.00,450.00,,,25387.92,6434.88,30940.27,
Soyabeans,Thailand,1965,18400.00,19100.00,10380.00,,1610.00,217.00,,,26122.39,6666.71,31883.75,
Soyabeans,Thailand,1966,44160.00,37900.00,8582.00,,5608.00,703.00,,,26872.94,6905.57,32839.34,
Soyabeans,Thailand,1967,58400.00,52800.00,9041.00,,5897.00,727.00,,,27639.37,7151.58,33807.36,
Soyabeans,Thailand,1968,46080.00,44800.00,9722.00,,3486.00,446.00,,,28422.05,7404.75,34787.58,
Soyabeans,Thailand,1969,46880.00,48200.00,10282.00,,4973.00,627.00,,,29179.98,7704.93,35791.73,206.36
Soyabeans,Thailand,1970,57600.00,50400.00,8750.00,,6290.00,778.00,,,29824.52,8140.40,36808.00,208.37
Soyabeans,Thailand,1971,53920.00,54300.00,10070.00,,6099.00,906.00,,,30466.00,8596.00,37834.38,224.13
Soyabeans,Thailand,1972,77000.00,72400.00,9403.00,,7240.00,1109.00,,,31096.06,9068.91,38873.06,289.07
Soyabeans,Thailand,1973,104000.00,104164.00,10016.00,,13715.00,3682.00,,,31702.36,9557.18,39900.96,357.32
Soyabeans,Thailand,1974,126720.00,110448.00,8716.00,,8612.00,2307.00,,,32276.82,10058.14,40908.47,378.66
Soyabeans,Thailand,1975,110880.00,113945.00,10276.00,,24055.00,6563.00,,,32815.79,10571.05,41882.13,421.04
Soyabeans,Thailand,1976,93920.00,113604.00,12096.00,,8132.00,2335.00,,,33321.11,11094.90,42843.80,479.01
Soyabeans,Thailand,1977,130740.00,96295.00,7365.00,,11506.00,4047.00,4003.00,1255.00,33792.53,11630.90,43806.72,566.17
Soyabeans,Thailand,1978,145315.00,158929.00,10937.00,,8099.00,2522.00,10808.00,2921.00,34232.92,12179.38,44760.09,629.34
Soyabeans,Thailand,1979,100381.00,102149.00,10176.00,,9715.00,3343.00,5.00,2.00,34690.26,12695.07,45737.75,725.82
Soyabeans,Thailand,1980,105312.00,100022.00,9498.00,,3394.00,1364.00,15297.00,4913.00,35262.88,13074.62,46727.29,759.25
Soyabeans,Thailand,1981,125024.00,131527.00,10520.00,,2531.00,1037.00,15.00,5.00,35813.58,13453.99,47700.34,781.36
Soyabeans,Thailand,1982,100920.00,113392.00,11236.00,,1295.00,495.00,3218.00,775.00,36350.40,13835.80,48670.57,844.93
Soyabeans,Thailand,1983,155853.00,179126.00,11493.00,,1035.00,403.00,1.00,1.00,36883.80,14224.28,49636.72,861.03
Soyabeans,Thailand,1984,193228.00,246448.00,12754.00,,995.00,370.00,107.00,23.00,37420.21,14621.26,50594.94,782.14
Soyabeans,Thailand,1985,240833.00,309424.00,12848.00,,2342.00,799.00,1.00,1.00,37966.18,15030.29,51542.09,847.88
Soyabeans,Thailand,1986,282107.00,356484.00,12636.00,,1983.00,703.00,,,38515.49,15448.91,52479.18,979.03
Soyabeans,Thailand,1987,303336.00,337745.00,11134.00,,142.00,56.00,1.00,1.00,39044.39,15867.95,53410.97,1175.45
Soyabeans,Thailand,1988,392203.00,516811.00,13177.00,,16.00,7.00,33277.00,10514.00,39521.61,16273.49,54324.00,1358.11
Soyabeans,Thailand,1989,502416.00,672368.00,13383.00,,11.00,5.00,9.00,77.00,39934.10,16648.72,55228.41,1579.17
Soyabeans,Thailand,1990,407837.00,530112.00,12998.00,,74.00,50.00,16.00,116.00,40313.88,16944.53,56099.87,1777.79
Soyabeans,Thailand,1991,318265.00,435587.00,13686.00,297.00,529.00,238.00,34.00,317.00,40623.40,17214.48,56939.02,1992.82
Soyabeans,Thailand,1992,343200.00,480148.00,13990.00,306.00,781.00,359.00,158047.00,39272.00,40894.14,17470.76,57776.08,2193.35
Soyabeans,Thailand,1993,379840.00,513099.00,13508.00,314.00,471.00,276.00,44689.00,12569.00,41169.43,17732.23,58610.01,2458.09
Soyabeans,Thailand,1994,395360.00,527580.00,13344.00,317.00,312.00,156.00,97998.00,27975.00,41479.76,18012.03,59424.83,2793.56
Soyabeans,Thailand,1995,275057.00,385560.00,14017.00,324.00,279.00,167.00,203157.00,60484.00,41835.96,18315.51,60211.10,2963.34
Soyabeans,Thailand,1996,255520.00,359094.00,14053.00,350.00,222.00,113.00,418811.00,135005.00,42226.17,18637.34,60989.11,2389.04
Soyabeans,Thailand,1997,235970.00,337790.00,14315.00,276.00,329.00,197.00,869397.00,285501.00,42628.48,18968.81,61745.22,1769.59
Soyabeans,Thailand,1998,219250.00,321235.00,14652.00,229.00,797.00,210.00,687255.00,172679.00,43011.06,19295.59,62442.65,1966.37
Soyabeans,Thailand,1999,224640.00,319015.00,14201.00,234.00,781.00,270.00,1007984.00,210195.00,43198.11,19759.92,63066.60,1964.59
Soyabeans,Thailand,2000,215014.00,312432.00,14531.00,230.00,617.00,264.00,1320402.00,286935.00,42861.16,20682.17,63649.89,1837.12
Soyabeans,Thailand,2001,176446.00,260696.00,14775.00,211.00,335.00,165.00,1363224.00,278668.00,42458.76,21614.40,64222.58,2017.66
Soyabeans,Thailand,2002,174838.00,259863.00,14863.00,242.00,835.00,339.00,1528557.00,324309.00,41999.09,22555.87,64776.96,2254.76
Soyabeans,Thailand,2003,149706.00,230516.00,15398.00,260.00,566.00,289.00,1689649.00,442007.00,41491.90,23510.33,65311.17,2532.24
Soyabeans,Thailand,2004,145938.00,217514.00,14905.00,271.00,975.00,578.00,1435803.00,471439.00,40948.94,24476.53,65821.36,2747.27
Soyabeans,Thailand,2005,144192.00,228375.00,15838.00,252.00,1224.00,952.00,1607784.00,463721.00,40368.17,25456.00,66319.53,3219.48
Soyabeans,Thailand,2006,137640.00,217298.00,15787.00,283.00,1235.00,988.00,1395242.00,375851.00,39750.79,26444.82,66826.75,3800.78
Soyabeans,Thailand,2007,126386.00,203660.00,16114.00,438.00,2658.00,1605.00,1540835.00,559096.00,39101.04,27444.72,67328.24,4169.97
Soyabeans,Thailand,2008,116684.00,188795.00,16180.00,464.00,1199.00,1003.00,1723273.00,968695.00,38428.42,28453.45,67813.65,4008.61
Soyabeans,Thailand,2009,106760.00,178224.00,16694.00,405.00,1296.00,1263.00,1534551.00,692033.00,37733.69,29475.11,68270.49,4787.06
Soyabeans,Thailand,2010,89760.00,158833.00,17695.00,485.00,954.00,1498.00,1818705.00,813034.00,37345.66,30184.47,68712.85,5266.48
Soyabeans,Thailand,2011,89733.00,97282.00,10841.00,488.00,1252.00,1863.00,1994378.00,1125776.00,37012.17,30831.81,69157.02,5485.24
Soyabeans,Thailand,2012,49817.00,64251.00,12897.00,592.00,1918.00,1626.00,2119941.00,1282024.00,36666.05,31477.01,69578.60,5655.01
Soyabeans,Thailand,2013,30828.00,53358.00,17308.00,602.00,1989.00,2372.00,1678678.00,1018381.00,36300.11,32116.66,69960.94,5522.82
Soyabeans,Thailand,2014,35067.00,58295.00,16624.00,484.00,11594.87,7308.00,1898295.50,1076747.00,35911.92,32745.68,70294.40,5414.30
Soyabeans,Thailand,2015,34235.00,56963.00,16639.00,435.00,9317.02,5052.00,2557384.39,1116853.00,35500.67,33362.84,70607.04,5579.46
Soyabeans,Thailand,2016,30000.00,37765.00,12588.00,448.00,5477.29,3215.00,2957729.40,1221598.00,35071.06,33966.46,70898.20,6148.44
Soyabeans,Thailand,2017,24181.00,42829.00,17712.00,462.00,3960.58,2436.00,2744990.56,1165739.00,34627.10,34556.08,71127.80,6779.45
Soyabeans,Thailand,2018,24031.00,41165.00,17130.00,510.00,3183.47,2008.00,2722970.94,1150288.00,34173.27,35132.89,71307.76,7346.60
Soyabeans,Thailand,2019,15709.00,26283.00,16731.00,514.00,3372.86,1913.00,2952949.17,1151960.00,33712.54,35698.33,71475.66,6830.41
Soyabeans,Thailand,2020,13697.00,22800.00,16646.00,553.00,1718.41,1068.00,4044715.30,1602980.00,33246.04,36252.08,71601.10,6818.05
Soyabeans,Thailand,2021,12862.00,21234.00,16509.00,575.00,942.35,588.00,3996771.48,2266639.00,,,,
Soyabeans,Thailand,2022,12462.00,20802.00,16693.00,663.00,935.35,570.00,3022180.26,2014661.00,,,,
Soyabeans,Thailand,2023,,,,,,,,,456.73,52.12,475.80,
Soyabeans,Timor-Leste,1961,1400.00,1000.00,7143.00,,,,,,463.65,54.46,483.32,
Soyabeans,Timor-Leste,1962,1400.00,1000.00,7143.00,,,,,,470.83,56.92,491.12,
Soyabeans,Timor-Leste,1963,1400.00,1000.00,7143.00,,,,,,478.27,59.51,499.14,
Soyabeans,Timor-Leste,1964,1400.00,1000.00,7143.00,,,,,,485.98,62.24,507.48,
Soyabeans,Timor-Leste,1965,1400.00,1000.00,7143.00,,,,,,493.61,65.06,516.20,
Soyabeans,Timor-Leste,1966,1400.00,1000.00,7143.00,,,,,,501.05,67.98,525.27,
Soyabeans,Timor-Leste,1967,1400.00,1000.00,7143.00,,,,,,508.76,71.04,534.65,
Soyabeans,Timor-Leste,1968,1400.00,1000.00,7143.00,,,,,,517.38,74.36,544.24,
Soyabeans,Timor-Leste,1969,1400.00,1000.00,7143.00,,,,,,527.15,77.98,554.02,
Soyabeans,Timor-Leste,1970,1400.00,1000.00,7143.00,,,,,,538.90,82.05,563.95,
Soyabeans,Timor-Leste,1971,1400.00,1000.00,7143.00,,,,,,552.00,86.50,574.01,
Soyabeans,Timor-Leste,1972,1400.00,1000.00,7143.00,,,,,,563.55,90.89,584.04,
Soyabeans,Timor-Leste,1973,1400.00,1000.00,7143.00,,,,,,569.66,94.57,592.28,
Soyabeans,Timor-Leste,1974,1400.00,1000.00,7143.00,,,,,,567.95,97.04,600.13,
Soyabeans,Timor-Leste,1975,1400.00,1000.00,7143.00,,,,,,556.99,97.95,609.65,
Soyabeans,Timor-Leste,1976,1400.00,1000.00,7143.00,,,,,,538.61,97.49,619.31,
Soyabeans,Timor-Leste,1977,1400.00,1000.00,7143.00,,,,,,517.46,96.40,627.67,
Soyabeans,Timor-Leste,1978,1400.00,1000.00,7143.00,,,,,,500.00,95.87,634.55,
Soyabeans,Timor-Leste,1979,1400.00,1000.00,7143.00,,,,,,490.72,96.85,642.22,
Soyabeans,Timor-Leste,1980,1400.00,1000.00,7143.00,,,,,,491.23,99.78,649.25,
Soyabeans,Timor-Leste,1981,1400.00,1000.00,7143.00,,,,,,499.92,104.51,655.11,
Soyabeans,Timor-Leste,1982,1400.00,1000.00,7143.00,,,,,,514.04,110.61,662.41,
Soyabeans,Timor-Leste,1983,1400.00,1000.00,7143.00,,,,,,529.43,117.26,671.37,
Soyabeans,Timor-Leste,1984,1400.00,1000.00,7143.00,,,,,,543.14,123.81,682.11,
Soyabeans,Timor-Leste,1985,1400.00,1000.00,7143.00,,,,,,554.17,130.02,694.25,
Soyabeans,Timor-Leste,1986,1400.00,1000.00,7143.00,,,,,,563.46,136.06,707.76,
Soyabeans,Timor-Leste,1987,1400.00,1000.00,7143.00,,,,,,572.24,142.23,722.69,
Soyabeans,Timor-Leste,1988,1400.00,1000.00,7143.00,,,,,,582.45,149.00,739.74,
Soyabeans,Timor-Leste,1989,1400.00,1000.00,7143.00,,,,,,595.22,156.72,758.11,330.00
Soyabeans,Timor-Leste,1990,1436.00,1076.00,7493.00,,,,,,612.17,164.84,772.66,373.23
Soyabeans,Timor-Leste,1991,1043.00,753.00,7220.00,,,,,,631.95,173.49,783.71,471.55
Soyabeans,Timor-Leste,1992,1524.00,1371.00,8996.00,,,,,,651.32,182.29,795.18,539.97
Soyabeans,Timor-Leste,1993,1890.00,1402.00,7418.00,,,,,,666.51,190.17,807.12,571.34
Soyabeans,Timor-Leste,1994,880.00,668.00,7591.00,,,,,,675.08,196.37,819.23,634.08
Soyabeans,Timor-Leste,1995,1148.00,913.00,7953.00,,,,,,675.57,200.35,831.27,721.55
Soyabeans,Timor-Leste,1996,1550.00,1244.00,8026.00,,,,,,669.56,202.43,843.34,677.89
Soyabeans,Timor-Leste,1997,939.00,783.00,8339.00,,,,,,661.35,203.84,855.41,749.61
Soyabeans,Timor-Leste,1998,787.00,672.00,8539.00,,,,,,656.86,206.41,866.65,389.90
Soyabeans,Timor-Leste,1999,1288.00,1030.00,7997.00,,,,,,660.13,211.48,878.36,586.80
Soyabeans,Timor-Leste,2000,1000.00,800.00,8000.00,,,,,,672.80,219.73,893.00,708.76
Soyabeans,Timor-Leste,2001,820.00,660.00,8049.00,,,,,,693.06,230.76,909.64,834.90
Soyabeans,Timor-Leste,2002,800.00,640.00,8000.00,,,,,,717.35,243.50,926.72,714.33
Soyabeans,Timor-Leste,2003,742.00,650.00,8759.00,,,,,,740.45,256.25,945.99,720.02
Soyabeans,Timor-Leste,2004,980.00,878.23,8960.00,,,,,,759.18,267.30,969.31,871.72
Soyabeans,Timor-Leste,2005,964.00,879.54,9124.00,,,,,,772.06,276.56,994.56,1308.13
Soyabeans,Timor-Leste,2006,998.00,885.21,8872.00,,,,,,780.53,284.45,1019.36,1931.98
Soyabeans,Timor-Leste,2007,935.00,886.66,9480.00,,,,,,786.50,291.61,1043.08,3128.75
Soyabeans,Timor-Leste,2008,892.00,800.00,8969.00,800.00,,,,,792.93,299.09,1065.54,2368.33
Soyabeans,Timor-Leste,2009,1532.00,1818.00,11867.00,1500.00,,,,,801.87,307.72,1088.49,3054.76
Soyabeans,Timor-Leste,2010,358.00,362.00,10112.00,,,,,,813.81,317.72,1112.98,4115.95
Soyabeans,Timor-Leste,2011,962.00,1554.00,16154.00,,,,,,827.91,328.85,1137.68,3795.56
Soyabeans,Timor-Leste,2012,770.00,1041.26,13519.00,,,,,,843.51,340.85,1161.56,3574.31
Soyabeans,Timor-Leste,2013,830.00,999.41,12041.00,,,,,,859.48,353.34,1184.83,2816.87
Soyabeans,Timor-Leste,2014,773.00,984.74,12733.00,,,,874.20,250.00,875.01,365.97,1205.81,2315.94
Soyabeans,Timor-Leste,2015,743.00,990.74,13328.00,,,,284.98,242.00,889.97,378.70,1224.56,1821.56
Soyabeans,Timor-Leste,2016,782.00,968.39,12380.00,,,,1391.02,285.00,904.67,391.64,1243.24,1840.66
Soyabeans,Timor-Leste,2017,767.00,898.75,11713.00,,,,1237.45,316.00,919.21,404.88,1261.85,1793.93
Soyabeans,Timor-Leste,2018,783.00,887.58,11329.00,,,,1494.08,239.00,933.84,418.52,1280.44,2132.84
Soyabeans,Timor-Leste,2019,819.00,868.25,10601.00,,,,1826.33,330.00,948.75,432.65,1300.00,1832.79
Soyabeans,Timor-Leste,2020,854.00,852.07,9982.00,,,,2336.27,473.00,963.91,447.28,1320.94,1841.88
Soyabeans,Timor-Leste,2021,544.00,361.94,6647.00,2805.60,,,2429.62,582.00,,,,
Soyabeans,Timor-Leste,2022,914.00,820.94,8983.00,,,,1998.12,774.00,,,,
Soyabeans,Timor-Leste,2023,,,,,,,,,28606.19,5060.58,33621.98,
Soyabeans,VietNam,1961,33900.00,14100.00,4159.00,,,,1810.00,159.00,29353.43,5330.73,34533.89,
Soyabeans,VietNam,1962,32000.00,13000.00,4063.00,,500.00,64.00,1940.00,149.00,30108.89,5613.20,35526.73,
Soyabeans,VietNam,1963,30000.00,12000.00,4000.00,,1700.00,223.00,1940.00,165.00,30872.33,5908.65,36509.17,
Soyabeans,VietNam,1964,32000.00,14000.00,4375.00,,,,1500.00,120.00,31643.16,6216.85,37466.08,
Soyabeans,VietNam,1965,34900.00,15200.00,4355.00,,,,1370.00,198.00,32420.53,6538.81,38388.21,
Soyabeans,VietNam,1966,40000.00,16900.00,4225.00,,,,291.00,43.00,33200.65,6874.05,39282.56,
Soyabeans,VietNam,1967,38000.00,17000.00,4474.00,,,,,,33974.43,7221.40,40145.29,
Soyabeans,VietNam,1968,36000.00,16500.00,4583.00,,,,,,34731.49,7578.18,41015.87,
Soyabeans,VietNam,1969,33000.00,15000.00,4545.00,,,,200.00,20.00,35463.75,7943.53,41928.85,65.03
Soyabeans,VietNam,1970,27700.00,14900.00,5379.00,,,,,,36302.43,8183.48,42916.62,69.23
Soyabeans,VietNam,1971,25900.00,13900.00,5367.00,,,,,,37126.53,8422.95,43906.02,72.43
Soyabeans,VietNam,1972,26000.00,14000.00,5385.00,,7.00,2.00,803.00,120.00,37941.75,8662.97,44891.28,73.32
Soyabeans,VietNam,1973,27000.00,15000.00,5556.00,,6.00,2.00,2488.00,398.00,38756.16,8905.61,45898.70,77.16
Soyabeans,VietNam,1974,28000.00,16000.00,5714.00,,10.00,4.00,2000.00,300.00,39576.92,9152.48,46969.62,81.50
Soyabeans,VietNam,1975,27100.00,13800.00,5092.00,,,,,,40404.31,9403.76,48163.57,92.63
Soyabeans,VietNam,1976,39400.00,20700.00,5254.00,,,,,,41239.86,9659.64,49418.15,107.62
Soyabeans,VietNam,1977,42200.00,21500.00,5095.00,,,,,,42092.71,9922.57,50701.46,126.58
Soyabeans,VietNam,1978,41700.00,21800.00,5228.00,,,,,,42974.37,10195.31,51831.39,135.35
Soyabeans,VietNam,1979,36200.00,19900.00,5497.00,,,,,,43907.53,10464.98,52968.27,44.43
Soyabeans,VietNam,1980,48900.00,32100.00,6564.00,,200.00,50.00,,,44886.38,10741.36,54280.39,34.11
Soyabeans,VietNam,1981,74400.00,55000.00,7392.00,,850.00,270.00,,,45902.91,11028.91,55632.15,38.68
Soyabeans,VietNam,1982,103100.00,76900.00,7459.00,,11000.00,3300.00,3000.00,900.00,46951.13,11326.25,57011.44,56.68
Soyabeans,VietNam,1983,96700.00,63600.00,6577.00,,16800.00,4400.00,,,48021.78,11631.31,58406.86,85.26
Soyabeans,VietNam,1984,90500.00,69200.00,7646.00,,10400.00,3400.00,,,49107.26,11942.12,59811.31,78.82
Soyabeans,VietNam,1985,102000.00,79100.00,7755.00,,26700.00,7300.00,,,50201.99,12257.57,61221.11,81.19
Soyabeans,VietNam,1986,106500.00,84700.00,7953.00,,56900.00,10901.00,,,51304.12,12577.18,62630.79,83.40
Soyabeans,VietNam,1987,117990.00,95850.00,8124.00,,28570.00,5889.00,,,52412.84,12900.87,64037.51,88.75
Soyabeans,VietNam,1988,102990.00,85300.00,8282.00,,68569.00,15600.00,,,53478.93,13278.47,65466.36,94.45
Soyabeans,VietNam,1989,100200.00,82350.00,8219.00,,39645.00,9693.00,,,54392.18,13817.42,66912.61,90.56
Soyabeans,VietNam,1990,110000.00,86600.00,7873.00,,31274.00,7418.00,,,55298.50,14372.40,68358.82,105.84
Soyabeans,VietNam,1991,101100.00,80000.00,7913.00,260.00,43344.00,28838.00,,,56188.64,14941.81,69788.75,136.56
Soyabeans,VietNam,1992,97300.00,80000.00,8222.00,254.40,8570.00,2269.00,797.00,161.00,57041.62,15518.80,71176.41,178.13
Soyabeans,VietNam,1993,120100.00,105700.00,8801.00,283.20,2200.00,660.00,,,57828.50,16096.58,72501.09,218.88
Soyabeans,VietNam,1994,132000.00,124500.00,9432.00,286.80,4600.00,1300.00,500.00,135.00,58530.41,16668.57,73759.11,280.87
Soyabeans,VietNam,1995,121100.00,125500.00,10363.00,366.00,46700.00,13200.00,15900.00,3900.00,59140.51,17232.21,74946.45,326.12
Soyabeans,VietNam,1996,110300.00,113800.00,10317.00,391.10,34700.00,10000.00,10400.00,3300.00,59666.52,17786.81,76058.60,347.28
Soyabeans,VietNam,1997,106400.00,113000.00,10620.00,389.40,32800.00,9300.00,11100.00,3000.00,60117.40,18335.50,77128.42,344.79
Soyabeans,VietNam,1998,129200.00,146475.00,11337.00,345.20,41800.00,11500.00,9900.00,2600.00,60482.57,18908.80,78123.71,360.50
Soyabeans,VietNam,1999,129100.00,147200.00,11402.00,,40000.00,12000.00,,,60716.97,19568.59,79001.14,388.93
Soyabeans,VietNam,2000,124100.00,149300.00,12031.00,,35700.00,10900.00,1100.00,300.00,60905.69,20234.23,79817.78,404.02
Soyabeans,VietNam,2001,140300.00,173700.00,12381.00,,27100.00,9300.00,9200.00,1900.00,61048.90,20907.60,80642.31,427.74
Soyabeans,VietNam,2002,158600.00,205600.00,12963.00,,32500.00,6500.00,33750.00,6810.00,61156.85,21590.82,81475.83,477.73
Soyabeans,VietNam,2003,165600.00,219700.00,13267.00,,19800.00,5500.00,49400.00,12100.00,61239.62,22288.06,82311.23,541.56
Soyabeans,VietNam,2004,183800.00,245900.00,13379.00,,20600.00,6200.00,4689.00,1383.00,61308.29,23000.56,83142.10,680.46
Soyabeans,VietNam,2005,204100.00,292700.00,14341.00,,22600.00,7400.00,5986.00,1857.00,61363.16,23731.46,83951.80,812.64
Soyabeans,VietNam,2006,185600.00,258100.00,13906.00,,24700.00,7400.00,46231.00,13004.00,61408.02,24481.57,84762.27,979.55
Soyabeans,VietNam,2007,187400.00,275500.00,14701.00,,26300.00,8700.00,75324.00,25928.00,61451.80,25256.00,85597.24,1302.47
Soyabeans,VietNam,2008,192100.00,267600.00,13930.00,,29500.00,11000.00,130531.00,73220.00,61504.17,26061.24,86482.92,1428.34
Soyabeans,VietNam,2009,147000.00,215200.00,14639.00,,29600.00,14800.00,172326.00,90076.00,61561.82,26910.70,87411.01,1631.77
Soyabeans,VietNam,2010,197800.00,298600.00,15096.00,,25000.00,15000.00,227697.00,115134.00,61639.70,27796.94,88349.12,1898.84
Soyabeans,VietNam,2011,181390.00,266538.47,14694.00,,20000.00,17200.00,909042.00,533035.00,61731.74,28720.14,89301.33,2120.48
Soyabeans,VietNam,2012,119612.00,173672.00,14520.00,,15000.00,13500.00,1292949.00,780165.00,61825.50,29672.22,90267.74,2286.22
Soyabeans,VietNam,2013,117194.00,168296.08,14360.00,847.60,16400.00,12000.00,1308535.00,814614.00,61898.22,30646.69,91235.50,2461.82
Soyabeans,VietNam,2014,109351.00,156549.00,14316.00,851.60,605.00,381.00,1519487.90,873284.00,61936.20,31635.37,92191.40,2463.54
Soyabeans,VietNam,2015,100611.00,146340.50,14545.00,825.30,1055.17,496.00,1707600.37,765039.00,61933.29,32635.79,93126.53,2608.85
Soyabeans,VietNam,2016,99578.00,160696.01,16138.00,821.60,587.31,331.00,1546197.71,661016.00,61898.30,33642.50,94033.05,2811.31
Soyabeans,VietNam,2017,67993.00,101855.90,14980.00,822.30,19.20,18.00,1646042.10,707905.00,61832.19,34658.96,94914.33,3100.54
Soyabeans,VietNam,2018,53364.00,81348.19,15244.00,822.00,675.44,655.00,1529057.00,771143.00,61742.33,35686.73,95776.72,3315.71
Soyabeans,VietNam,2019,49217.00,77262.98,15698.00,829.50,1588.66,1402.00,1718483.39,686267.00,61632.90,36727.25,96648.69,3433.04
Soyabeans,VietNam,2020,41564.00,65405.28,15736.00,854.50,405.02,374.00,1871563.03,772162.00,61504.28,37779.86,97468.03,3564.13
Soyabeans,VietNam,2021,36849.00,59138.21,16049.00,764.30,1290.11,1551.00,2019776.85,1181935.00,,,,
Soyabeans,VietNam,2022,32413.00,52146.38,16088.00,892.30,204.00,198.00,1849468.92,1271347.00,,,,
Soyabeans,VietNam,2023,,,,,,,,,,,,